{"cameraMode":{"drawMode":0,"name":"Shaded","section":"Shading Mode"},"sceneLighting":false,"audioPlay":false,"sceneViewState":{"showFog":false,"showMaterialUpdate":false,"showSkybox":false,"showFlares":false,"showImageEffects":false,"showParticleSystems":false},"in2DMode":false,"pivot":{"x":-4.1914873123168949,"y":1.0352131128311158,"z":5.619704723358154},"rotation":{"x":-0.01719934679567814,"y":0.23590975999832154,"z":-0.004176053684204817,"w":-0.9716149568557739},"size":5.482104301452637,"orthographic":false}