{"cameraMode":{"drawMode":0,"name":"Shaded","section":"Shading Mode"},"sceneLighting":false,"audioPlay":false,"sceneViewState":{"showFog":true,"showMaterialUpdate":false,"showSkybox":true,"showFlares":true,"showImageEffects":true,"showParticleSystems":true},"in2DMode":false,"pivot":{"x":-1.697681188583374,"y":5.477075576782227,"z":-0.42290493845939639},"rotation":{"x":0.10108399391174317,"y":-0.3451940715312958,"z":0.03742653876543045,"w":0.9323216080665588},"size":21.23594093322754,"orthographic":false}