{"cameraMode":{"drawMode":0,"name":"Shaded","section":"Shading Mode"},"sceneLighting":false,"audioPlay":false,"sceneViewState":{"showFog":false,"showMaterialUpdate":false,"showSkybox":false,"showFlares":false,"showImageEffects":false,"showParticleSystems":false},"in2DMode":false,"pivot":{"x":18.329999923706056,"y":6.155112266540527,"z":-8.329999923706055},"rotation":{"x":0.3558945059776306,"y":0.011213942430913449,"z":-0.004270927049219608,"w":0.9344494342803955},"size":8.527469635009766,"orthographic":false}