{"cameraMode":{"drawMode":0,"name":"Shaded","section":"Shading Mode"},"sceneLighting":false,"audioPlay":false,"sceneViewState":{"showFog":false,"showMaterialUpdate":false,"showSkybox":false,"showFlares":false,"showImageEffects":false,"showParticleSystems":false},"in2DMode":false,"pivot":{"x":28.784000396728517,"y":6.610000133514404,"z":-0.9699993133544922},"rotation":{"x":0.3558945059776306,"y":0.011213942430913449,"z":-0.004270927049219608,"w":0.9344494342803955},"size":1.2322683334350587,"orthographic":false}